"","text"
"1","  dpusdatarujtg 
efikasi vaksin sinovac mencapai  melebihi syarat minimal who yakni 
selengkapnya yuk simak infog"
"2","  ga tebakan

drpd aku bingung dijewer ma bluebirdmari seruan yuuk
soal tinggi aku cm
jawab di replay
clue gt c"
"3","ulama islam di kanada peringatkan umat muslim jangan tertipu konspirasi vaksin covid "
"4","  vaksin tak percaya ibu mengandung makan kicap anak jadi hitam percaya pulak"
"5","  vaksin tak percaya abe janji abe delete percaya pula"
"6","  vaksin tak percaya pil kurus percaya bagus"
"7","  vaksin tak percaya janji manis lelaki percaya plak"
"8","lagilagi hoax

ada berita 
setelah disuntik vaksin dikabarkan jokowi saat ini kejang lalu mati 

fakt "
"9","warga lokal ga dikasih pilihan vaksin yang dijual swasta"
"10","  vaksin tak percaya pil kurus percaya bagus"
"11","  vaksin tak percaya pil kurus percaya bagus"
"12","  vaksin tak percaya pil kurus percaya bagus"
"13","  vaksin tak percaya pil kurus percaya bagus"
"14","  vaksin tak percaya ibu mengandung makan kicap anak jadi hitam percaya pulak"
"15","  vaksin tak percaya janji manis lelaki percaya plak"
"16","  vaksin tak percaya ibu mengandung makan kicap anak jadi hitam percaya pulak"
"17","  vaksin tak percaya pil kurus percaya bagus"
"18","  temen gua kena covid x gejala infeksi ke lebih berat dari yg pertama sampe presyok asli kalo bisa vaksin mendin"
"19","  vaksin tak percaya pil kurus percaya bagus"
"20","  vaksin tak percaya ibu mengandung makan kicap anak jadi hitam percaya pulak"
"21","  vaksin tak percaya janji manis lelaki percaya plak"
"22","  vaksin tak percaya pil kurus percaya bagus"
"23","  vaksin tak percaya pil kurus percaya bagus"
"24","that means vaksin akan memberi kesan yg berlainan pada berlainan orang  "
"25","  vaksin tak percaya pil kurus percaya bagus"
"26","  vaksin tak percaya pil kurus percaya bagus"
"27","  vaksin terbaik bagi mengawal wabak covid ini adalah diri kita sendiri

jaga diri dan keluarga patuhi sop dan amalkan"
"28","  vaksin tak percaya janji manis lelaki percaya plak"
"29","  vaksin tak percaya janji manis lelaki percaya plak"
"30","  vaksin tak percaya pil kurus percaya bagus"
"31","  vaksin tak percaya pil kurus percaya bagus"
"32","  ada yg sekarang ngaku pro nkri bawa pancasila kalo bicara
dikira kita semua bungul seperti kadrun

awasfpiularganti"
"33","  vaksin tak percaya janji manis lelaki percaya plak"
"34","  vaksin tak percaya ibu mengandung makan kicap anak jadi hitam percaya pulak"
"35","  vaksin tak percaya ibu mengandung makan kicap anak jadi hitam percaya pulak"
"36","jangan takut divaksin ya pahari gaesss  vaksin covid aman dan halal "
"37","  vaksin tak percaya pil kurus percaya bagus"
"38","  vaksin tak percaya pil kurus percaya bagus"
"39","  vaksin tak percaya pil kurus percaya bagus"
"40","  vaksin tak percaya bercinta percaya pulak"
"41","  vaksin tak percaya pil kurus percaya bagus"
"42","  waduh bisa jadi gay rupanya divaksin kata si jahudi ini ayo siapa yang mau divaksin 

"
"43","  analisis logika bapak ini sangat logik jangan terperdaya dgn sikap ripka  aku bangga jadi anak pki menolak vaksin sinovac"
"44","  vaksin tak percaya ibu mengandung makan kicap anak jadi hitam percaya pulak"
"45","  cuma gara ngecat atap rumah
dasar bungul

tangkal hoax vaksin kovid
awasfpiulargantikulit "
"46","  vaksin tak percaya ibu mengandung makan kicap anak jadi hitam percaya pulak"
"47","  vaksin tak percaya pil kurus percaya bagus"
"48","  vaksin tak percaya janji manis lelaki percaya plak"
"49","  vaksin tak percaya bercinta percaya pulak"
"50","  vaksin tak percaya pil kurus percaya bagus"
"51","  hoaxs kadrun pada vaksin dipasang chip agar bisa memantau pergerakan dan lokasi seseorang

faktanya di kemasan vaksin han"
"52","  vaksin tak percaya ibu mengandung makan kicap anak jadi hitam percaya pulak"
"53","  vaksin tak percaya janji manis lelaki percaya plak"
"54","  vaksin tak percaya pil kurus percaya bagus"
"55","  vaksin tak percaya pil kurus percaya bagus"
"56","  vaksin tak percaya pil kurus percaya bagus"
"57","  vaksin tak percaya janji manis lelaki percaya plak"
"58","  komnas kipi telah menerima  laporan efek samping terkait vaksin corona buatan sinovac per selasa  begini keterangann"
"59","  hai gaes sudah tau kan pemerintah indonesia telah memulai tahap vaksinasi covid  presiden jokowi yg pertama disuntik v"
"60","  vaksin tak percaya pil kurus percaya bagus"
"61","  gilakkk ini  

pantas saja teriak rugi terus didepan pak  
ternyata digarong sm oknum berengsek 

jika terb"
"62","  vaksin tak percaya ibu mengandung makan kicap anak jadi hitam percaya pulak"
"63","  vaksin itu halal dan aman 
bilang saudaramu
ikutanvaksinyuk "
"64","  waduh bisa jadi gay rupanya divaksin kata si jahudi ini ayo siapa yang mau divaksin 

"
"65","  vaksin tak percaya pil kurus percaya bagus"
"66","  vaksin tak percaya pil kurus percaya bagus"
"67","  vaksin tak percaya pil kurus percaya bagus"
"68","  vaksin tak percaya ibu mengandung makan kicap anak jadi hitam percaya pulak"
"69","erick thohir merek dan jenis vaksin covid mandiri berbeda dengan yang gratis  vaksincorona"
"70","  vaksin tak percaya ibu mengandung makan kicap anak jadi hitam percaya pulak"
"71","  vaksin tak percaya janji manis lelaki percaya plak"
"72"," kaka ney ada yg minta di edit  orang mau di vaksin udah sy dm kak thanks"
"73","  vaksin tak percaya janji manis lelaki percaya plak"
"74","setidaknya ada empat vaksin covid yang sedang dalam pembahasan "
"75","seriua nanya no salty kalian team mau di vaksin team nolak vaksin demi apapun nih emak emak di dom gue heboh banget dah grgr vaksin"
"76","  vaksin tak percaya janji manis lelaki percaya plak"
"77","  vaksin tak percaya pil kurus percaya bagus"
"78","  vaksin tak percaya ibu mengandung makan kicap anak jadi hitam percaya pulak"
"79","  vaksin tak percaya janji manis lelaki percaya plak"
"80","  vaksinasi covid di tasikmalaya "
"81","  vaksin tak percaya pil kurus percaya bagus"
"82","  vaksin tak percaya ibu mengandung makan kicap anak jadi hitam percaya pulak"
"83","  vaksin tak percaya bercinta percaya pulak"
"84","  vaksin tak percaya prince meed percaya pulak"
"85","  vaksinasi covid di tasikmalaya "
"86","  vaksin tak percaya ibu mengandung makan kicap anak jadi hitam percaya pulak"
"87","  vaksin tak percaya janji manis lelaki percaya plak"
"88","  komnas kipi telah menerima  laporan efek samping terkait vaksin corona buatan sinovac per selasa  begini keterangann"
"89","  vaksin tak percaya pil kurus percaya bagus"
"90","  vaksin tak percaya ibu mengandung makan kicap anak jadi hitam percaya pulak"
"91","  vaksin tak percaya pil kurus percaya bagus"
"92","  vaksin tak percaya pil kurus percaya bagus"
"93","  hai aku mau bahas vaksin sinovac ya jadi bpom sudah mengumumkan hasil sementara uji klinis fase  vaksin sinovac di"
"94","  vaksin tak percaya pil kurus percaya bagus"
"95","  vaksin tak percaya pil kurus percaya bagus"
"96","  vaksin tak percaya ibu mengandung makan kicap anak jadi hitam percaya pulak"
"97","  gilakkk ini  

pantas saja teriak rugi terus didepan pak  
ternyata digarong sm oknum berengsek 

jika terb"
"98","  vaksin tak percaya janji manis lelaki percaya plak"
"99","   halah ketinggalan tangkal hoax vaksin kovid nya "
"100","  vaksin tak percaya pil kurus percaya bagus"
"101","  ternyata faktanya bahwa para laskar justru menunggu dgn kata lain dgn pogah nantangin aparat dan jika ada yg tewas dl"
"102","  vaksin tak percaya abe janji abe delete percaya pula"
"103"," sore profsori mau tanya sedikit soal vaksinsaya memiliki gangguan pembekuan darahfaktor viii sa "
"104","  muat turun majalah albayan siri  pengambilan vaksin covid hukum dan permasalahannya di sini 

 "
"105","  vaksin tak percaya pil kurus percaya bagus"
"106","  vaksin tak percaya janji manis lelaki percaya plak"
"107","  kode barcode yg menempel pd botol cairan vaksin dibilang chip yg ada dlm vaksin
kadrun kalo membodohi temannya sendiri g"
"108","  vaksin tak percaya pil kurus percaya bagus"
"109","  vaksin tak percaya bercinta percaya pulak"
"110","  vaksin tak percaya janji manis lelaki percaya plak"
"111","  vaksin tak percaya pil kurus percaya bagus"
"112","  vaksin tak percaya janji manis lelaki percaya plak"
"113","  vaksin tak percaya janji manis lelaki percaya plak"
"114","jangan takut divaksin 

tangkal hoax vaksin kovid
awasfpiulargantikulit "
"115","  vaksin tak percaya pil kurus percaya bagus"
"116","  vaksin tak percaya janji manis lelaki percaya plak"
"117","ok jgk ramai politician positif covid boleh try vaksin kat depa dulu"
"118","  vaksin tak percaya pil kurus percaya bagus"
"119","  vaksin tak percaya tapi likeshare percaya pulak"
"120","  setelah tibanya vaksin covid sinovac asal china di indonesia pt bio farma menyampaikan hasil audit awal uji vaksin dengan"
"121","  vaksin tak percaya ibu mengandung makan kicap anak jadi hitam percaya pulak"
"122","  vaksin tak percaya pil kurus percaya bagus"
"123","  iyaaaa 
kamu ngerasain efek setelah vaksin ga bun demam gitu

ini aku ngerusuhin notifnya aira "
"124","  fpi salah cari lawan

komnas ham mendapatkan bukti bhw laskar fpi tertawatawa dan mencoba lakukan provokasi seblm akhir"
"125","  vaksin tak percaya janji manis lelaki percaya plak"
"126","  vaksin tak percaya pil kurus percaya bagus"
"127","  vaksin tidak percaya taip y untuk melihat mulut ular di dalam gambar ini terbuka percaya"
"128","  vaksin tak percaya janji manis lelaki percaya plak"
"129"," masyarakat indo cant relate korona dikira konspirasi dikasih vaksin gratis malah curigaan mulu wkwk"
"130","  oooo amang ngaleleng barita on asing do vaksin dohot obat dexamethason pe dipake dope sahat tu sadarion jala godang do p"
"131","  vaksin tak percaya pil kurus percaya bagus"
"132","  kadrun emang lucu klu nge hoak gak kepalang tanggung

nih denger drun gak ada penanaman chip dlm vaksin 

tangkal hoax vaksi"
"133","  vaksin tak percaya pil kurus percaya bagus"
"134","  vaksin tak percaya pil kurus percaya bagus"
"135","  vaksin tak percaya pil kurus percaya bagus"
"136","  vaksin tak percaya pil kurus percaya bagus"
"137","  vaksin tak percaya pil kurus percaya bagus"
"138","  apapun vaksinnya pasti ada efek samping terlepas berat atau ringan tergantung antibody kita m "
"139","  vaksin tak percaya pil kurus percaya bagus"
"140","  vaksin tak percaya ibu mengandung makan kicap anak jadi hitam percaya pulak"
"141","  info penting vaksin

untuk penggunaan vaksin itu bpom memastikan dari awal produksi hingga tahap distribusi keseluruha"
"142","  vaksin tak percaya pil kurus percaya bagus"
"143","  vaksin tak percaya ibu mengandung makan kicap anak jadi hitam percaya pulak"
"144","  vaksin tak percaya ibu mengandung makan kicap anak jadi hitam percaya pulak"
"145","  vaksin tak percaya pil kurus percaya bagus"
"146","berenti stalking adalah vaksin terbaik untuk mencegah sakit hati"
"147","  vaksin tak percaya janji manis lelaki percaya plak"
"148","  vaksin tak percaya pil kurus percaya bagus"
"149","  tipe tipe ekspresi muka  saat di vaksin chek 





"
"150","  vaksin tak percaya ibu mengandung makan kicap anak jadi hitam percaya pulak"
"151","  vaksin tak percaya pil kurus percaya bagus"
"152","  vaksin tak percaya pil kurus percaya bagus"
"153","  vaksin tak percaya janji manis lelaki percaya plak"
"154","kepala dinas komunikasi dan informatika prov jatim benny sampirwanto menanggapi kritik netizen di media sosial ya "
"155","  vaksin tak percaya pil kurus percaya bagus"
"156","  vaksin tak percaya janji manis lelaki percaya plak"
"157","  vaksin tak percaya pil kurus percaya bagus"
"158","  tangkal hoax vaksin kovid
awasfpiulargantikulit

pendaftaran vaksinasi covid dpt dilakukan di chanel resmi registras"
"159","  vaksin tak percaya pil kurus percaya bagus"
"160","  vaksin tak percaya ibu mengandung makan kicap anak jadi hitam percaya pulak"
"161","  vaksin tak percaya janji manis lelaki percaya plak"
"162","  vaksin tak percaya pil kurus percaya bagus"
"163","apakah normal merasa lelah setelah mendapat suntikan vaksin "
"164","  sebanyak  lansia berusia di atas  tahun penghuni panti jompo di norwegia dilaporkan meninggal setelah disuntik vak"
"165","vaksin aja pertama dikasi untuk garda depan kok bikin hoax warga pingsan gara vaksin wong vaksinya belum turun k "
"166","  vaksin tak percaya pil kurus percaya bagus"
"167","  vaksin tak percaya ibu mengandung makan kicap anak jadi hitam percaya pulak"
"168","  vaksin tak percaya ibu mengandung makan kicap anak jadi hitam percaya pulak"
"169","  vaksin tak percaya janji manis lelaki percaya plak"
"170","penyebar hoaks kasdim gresik meninggal usai vaksin covid tertangkap pelaku narapidana "
"171","  vaksin tak percaya pil kurus percaya bagus"
"172","  vaksin tak percaya ibu mengandung makan kicap anak jadi hitam percaya pulak"
"173","  ga tebakan

drpd aku bingung dijewer ma bluebirdmari seruan yuuk
soal tinggi aku cm
jawab di replay
clue gt c"
"174","  vaksin tak percaya pil kurus percaya bagus"
"175","  vaksin tak percaya pil kurus percaya bagus"
"176","polres gresik menangkap penyebaran hoaks kasdim gresik meninggal dunia usai vaksin covid

hoaks gresik 

"
"177","  vaksin tak percaya pil kurus percaya bagus"
"178","  vaksin tak percaya pil kurus percaya bagus"
"179","  vaksin tak percaya pil kurus percaya bagus"
"180","  vaksin tak percaya janji manis lelaki percaya plak"
"181","  komnas kipi telah menerima  laporan efek samping terkait vaksin corona buatan sinovac per selasa  begini keterangann"
"182","  vaksin tak percaya pil kurus percaya bagus"
"183","  vaksin tak percaya pil kurus percaya bagus"
"184","  vaksin tak percaya pil kurus percaya bagus"
"185","  vaksin tak percaya pil kurus percaya bagus"
"186","  vaksin tak percaya pil kurus percaya bagus"
"187","  vaksin tak percaya pil kurus percaya bagus"
"188","  vaksin tak percaya janji manis lelaki percaya plak"
"189","  vaksin tak percaya tapi petua minum air soya banyakbanyak supaya anak lahir putih melepak percaya pulak"
"190","  ternyata faktanya bahwa para laskar justru menunggu dgn kata lain dgn pogah nantangin aparat dan jika ada yg tewas dl"
"191","  vaksin tak percaya janji manis lelaki percaya plak"
"192","  vaksin tak percaya pil kurus percaya bagus"
"193","  vaksin tak percaya pil kurus percaya bagus"
"194","  vaksin tak percaya pil kurus percaya bagus"
"195","  vaksin covid

aman 
dr tirta yg sdh divaksin tidak merasakan efek buruk

tambah makan x sehari 
laper apa doyan dok"
"196","  vaksin tak percaya janji manis lelaki percaya plak"
"197","  hoaks dikabarkan meninggal usai disuntik vaksin mayor sugeng saya sehat dan bugar

kadrun kagak inget akherat biki"
"198","  vaksin tak percaya janji manis lelaki percaya plak"
"199","  slank resmi luncurkan vaksin aman untuk semua orang  "
"200","  vaksin tak percaya janji manis lelaki percaya plak"
"201","  ga tebakan

drpd aku bingung dijewer ma bluebirdmari seruan yuuk
soal tinggi aku cm
jawab di replay
clue gt c"
"202","  vaksin tak percaya janji manis lelaki percaya plak"
"203","  vaksin tak percaya pil kurus percaya bagus"
"204","  vaksin tak percaya ibu mengandung makan kicap anak jadi hitam percaya pulak"
"205","vaksinasi covid di tasikmalaya "
"206","   tangkal hoax vaksin kovid"
"207","  jgn yg menolak vaksin malah histeris sendiri"
"208","  gaes vaksin sinovac produksi perusahaan bioteknologi 
berbendera china bernama sinovac biotech ltdperusahaan ini bermar"
"209","  vaksin tak percaya janji manis lelaki percaya plak"
"210","  vaksin tak percaya pil kurus percaya bagus"
"211","  vaksin tak percaya janji manis lelaki percaya plak"
"212","  vaksin tak percaya pil kurus percaya bagus"
"213","  vaksin tak percaya pil kurus percaya bagus"
"214","infopolsekbadau
  
kapolsek badau iptu ferry gunadi pimpin langsung pengamanan pendistribusian vaksin covid "
"215","  hai gaes sudah tau kan pemerintah indonesia telah memulai tahap vaksinasi covid  presiden jokowi yg pertama disuntik v"
"216","  temen gua kena covid x gejala infeksi ke lebih berat dari yg pertama sampe presyok asli kalo bisa vaksin mendin"
"217","  wkwkwkwwkwkwwkwk ini absurd bro asli  microchip d vaksin wkwkwwkw"
"218","  vaksin tak percaya janji manis lelaki percaya plak"
"219","informasi adanya chip dalam vaksin itu tidak benar "
"220","  vaksin tak percaya bercinta percaya pulak"
"221","  vaksin tak percaya janji manis lelaki percaya plak"
"222","  vaksin tak percaya pil kurus percaya bagus"
"223","  vaksin tak percaya ibu mengandung makan kicap anak jadi hitam percaya pulak"
"224","  vaksin tak percaya pil kurus percaya bagus"
"225","vaksin tak percaya tapi percaya video princemeed"
"226","  vaksin tak percaya pil kurus percaya bagus"
"227","  vaksin tak percaya janji manis lelaki percaya plak"
"228","  vaksin tak percaya ibu mengandung makan kicap anak jadi hitam percaya pulak"
"229","  vaksin tak percaya pil kurus percaya bagus"
"230","babinsa koramil sungai raya kodim bs sertu sardi pantau kegiatan pemberian vaksin covid kepada par "
"231","  vaksin tak percaya janji manis kekasih percaya pulak"
"232","  vaksin tak percaya pil kurus percaya bagus"
"233","videografis kriteria masyarakat yang tidak dapat disuntik vaksin sinovac pemerintah melalui satuan tugas penangan "
"234","  vaksin tak percaya ibu mengandung makan kicap anak jadi hitam percaya pulak"
"235","  vaksin tak percaya pil kurus percaya bagus"
"236","  vaksin tak percaya pil kurus percaya bagus"
"237","  vaksin tak percaya janji manis lelaki percaya plak"
"238","  vaksin tak percaya pil kurus percaya bagus"
"239","  vaksin tak percaya pil kurus percaya bagus"
"240","   terus gaes jangan percaya akan hoax kalo vaksin tdk halal mengandung bahan tertentu lahtenang aja buat umat muslim yg"
"241","  vaksin tak percaya janji manis lelaki percaya plak"
"242","  untuk kalian ketahui saja uji klinis tahap  yg di lakukan diindonesia utk vaksin sinovac tingkat efikasi mencapai "
"243","  vaksin tak percaya pil kurus percaya bagus"
"244","  vaksin tak percaya janji manis lelaki percaya plak"
"245","  info penting vaksin

untuk penggunaan vaksin itu bpom memastikan dari awal produksi hingga tahap distribusi keseluruha"
"246","  vaksin tak percaya ibu mengandung makan kicap anak jadi hitam percaya pulak"
"247","  vaksin tak percaya pil kurus percaya bagus"
"248","  vaksin tak percaya ibu mengandung makan kicap anak jadi hitam percaya pulak"
"249","  vaksin tak percaya janji manis lelaki percaya plak"
"250","  vaksin tak percaya pil kurus percaya bagus"
"251","  jadi jangan ragu untuk melakukan vaksin dan tentunya tetap disiplin menjalankan m menggunakan masker mencuci tangan denga"
"252","  waduuuh

judulnya koq gini amat yaa 

gw yakin 

sby tidak suka 

tangkal hoax vaksin kovid
awasfpiulargantikulit"
"253","  ga tebakan

drpd aku bingung dijewer ma bluebirdmari seruan yuuk
soal tinggi aku cm
jawab di replay
clue gt c"
"254","  vaksin tak percaya pil kurus percaya bagus"
"255","  vaksin tak percaya janji manis lelaki percaya plak"
"256","yo bayangkan vaksin covid tu sebenarnya weapon ww pastu geng illuminati letak bahan yg x spatutnya dlm tu"
"257","  vaksin tak percaya janji manis lelaki percaya plak"
"258","  vaksin tak percaya pil kurus percaya bagus"
"259","  vaksin tak percaya janji manis lelaki percaya plak"
"260","  vaksin tak percaya ibu mengandung makan kicap anak jadi hitam percaya pulak"
"261","  wah panas dingin ini pemain vaksin mana udah borong pula ratusan juta vaksin baik dari china maupun tempat lain terny"
"262","  masyarakat jngn mudah percaya hoax vaksin atau menjadi penyebar hoax vaksin karena terdapat uu ite terkait penyebaran h"
"263","  di awal kemunculan dokter  saya gak respek saya anggap dia terlalu berlebihan 
tapi ternyata sikap dia yang s"
"264","  pengurus wilayah muhammadiyah jabar stlh divaksin
malah tidur tadi malam sngt nyenyak bangun di pagi malah lebih percay"
"265","  vaksin tak percaya ibu mengandung makan kicap anak jadi hitam percaya pulak"
"266","  vaksin tak percaya ibu mengandung makan kicap anak jadi hitam percaya pulak"
"267","  vaksin tak percaya pil kurus percaya bagus"
"268","  vaksin tak percaya janji manis lelaki percaya plak"
"269","  vaksin tak percaya ibu mengandung makan kicap anak jadi hitam percaya pulak"
"270","tambahan vaksin covid untuk surabaya terkirim hari ini "
"271","  vaksin tak percaya pil kurus percaya bagus"
"272","  vaksin tak percaya janji manis lelaki percaya plak"
"273","  gaes vaksin sinovac produksi perusahaan bioteknologi 
berbendera china bernama sinovac biotech ltdperusahaan ini bermar"
"274","hoaxs kadrun pada vaksin dipasang chip agar bisa memantau pergerakan dan lokasi seseorang

faktanya di kemasan v "
"275","  vaksin tak percaya janji manis lelaki percaya plak"
"276","  di awal kemunculan dokter  saya gak respek saya anggap dia terlalu berlebihan 
tapi ternyata sikap dia yang s"
"277","  ternyata faktanya bahwa para laskar justru menunggu dgn kata lain dgn pogah nantangin aparat dan jika ada yg tewas dl"
"278","  vaksin tak percaya ibu mengandung makan kicap anak jadi hitam percaya pulak"
"279","bilang saudaramu  kalo vaksin sinovac aman
ikutanvaksinyuk
ikutanvaksinyuk"
"280"," abis vaksin lgsg abis ntar ovo gue buat jajan"
"281","         "
"282"," intinya tuh dukungan dari muslim abah untuk kekuasaanatidaknya muslim pilih dia tambah lagi perang "
"283","  hai gaes sudah tau kan pemerintah indonesia telah memulai tahap vaksinasi covid  presiden jokowi yg pertama disuntik v"
"284","  cip deh 

"
"285","  vaksin tak percaya pil kurus percaya bagus"
"286","  komnas kipi telah menerima  laporan efek samping terkait vaksin corona buatan sinovac per selasa  begini keterangann"
"287","  usut tuntas sumber dana dan kepemilikan senjata api laskar fpi kelakuan seperti bajan

tangkal hoax vaksin kovid
awasfpiu"
"288","  vaksin tak percaya pil kurus percaya bagus"
"289","  vaksin tak percaya pil kurus percaya bagus"
"290","  cip deh 

"
"291","  sebanyak  orang relawan uji vaksin di bandung jawa barat positif covid kemenkes sebut kejadian ini merupakan bukti"
"292","  vaksin tak percaya pil kurus percaya bagus"
"293","  fpi tetaplah fpi organisasi yang memanfaatkan nama agama islam demi kepentingan politik namun tidak memberikan manfaat un"
"294","  vaksin tak percaya janji manis lelaki percaya plak"
"295","  vaksin tak percaya pil kurus percaya bagus"
"296","  vaksin tak percaya janji manis lelaki percaya plak"
"297","

komnas kejadian ikutan pasca imunisasi kipi telah menerima  laporan kipi atau efek sam "
"298","  vaksin tak percaya bercinta percaya pulak"
"299","  vaksin tak percaya janji manis lelaki percaya plak"
"300","  vaksin tak percaya pil kurus percaya bagus"
"301","  vaksin tak percaya ibu mengandung makan kicap anak jadi hitam percaya pulak"
"302","  vaksin tak percaya bercinta percaya pulak"
"303","  komnas kipi telah menerima  laporan efek samping terkait vaksin corona buatan sinovac per selasa  begini keterangann"
"304","  vaksin tak percaya pil kurus percaya bagus"
"305","  vaksin tak percaya pil kurus percaya bagus"
"306","   terus gaes jangan percaya akan hoax kalo vaksin tdk halal mengandung bahan tertentu lahtenang aja buat umat muslim yg"
"307","  vaksin tak percaya ibu mengandung makan kicap anak jadi hitam percaya pulak"
"308","  vaksin tak percaya janji manis lelaki percaya plak"
"309","  vaksin tak percaya pil kurus percaya bagus"
"310","  untuk kalian ketahui saja uji klinis tahap  yg di lakukan diindonesia utk vaksin sinovac tingkat efikasi mencapai "
"311","  pesan varian baru sarscov jerman 
 pandemi blm terkendali 
 vaksin bkn solusi ajaib
 tli ili amp genomic surv penti"
"312","  vaksin terbaik bagi mengawal wabak covid ini adalah diri kita sendiri

jaga diri dan keluarga patuhi sop dan amalkan"
"313","  vaksin tak percaya ibu mengandung makan kicap anak jadi hitam percaya pulak"
"314","  info penting vaksin

untuk penggunaan vaksin itu bpom memastikan dari awal produksi hingga tahap distribusi keseluruha"
"315","  vaksin tak percaya pil kurus percaya bagus"
"316","  vaksin tak percaya pil kurus percaya bagus"
"317","  vaksin tak percaya pil kurus percaya bagus"
"318","  suntik vaksin mulai dari pejabat pusat sampe daerah dulu kita tunggu  bulan kalo ngak "
"319","  wkwkwkwwkwkwwkwk ini absurd bro asli  microchip d vaksin wkwkwwkw"
"320","  vaksin tak percaya ibu mengandung makan kicap anak jadi hitam percaya pulak"
"321","  vaksin tak percaya ibu mengandung makan kicap anak jadi hitam percaya pulak"
"322","  di awal kemunculan dokter  saya gak respek saya anggap dia terlalu berlebihan 
tapi ternyata sikap dia yang s"
"323","  untuk lebih mengetahui tentang keberkesanan amp keselamatan vaksin covid ikuti wawancara bersama dr kalairasu pengeru"
"324","  vaksin tak percaya janji manis lelaki percaya plak"
"325","  pemirsatvri jangan kaget ya kalau ada informasi tentang  kemasan vaksin covid dari sinovac yang berbeda ternyata p"
"326","  vaksin tak percaya pil kurus percaya bagus"
"327","  temen gua kena covid x gejala infeksi ke lebih berat dari yg pertama sampe presyok asli kalo bisa vaksin mendin"
"328","  seru nih

penyandang dana fpi segera ketahuan inilah bagian paling seru



tangkal hoax vaksin kovid
awasfpiulargantiku"
"329","  vaksin tak percaya pil kurus percaya bagus"
"330","  waduh bisa jadi gay rupanya divaksin kata si jahudi ini ayo siapa yang mau divaksin 

"
"331","  vaksin tak percaya bercinta percaya pulak"
"332","  vaksin tak percaya janji manis lelaki percaya plak"
"333"," vaksin k kalah sama obat rban euy"
"334","  vaksin tak percaya janji manis lelaki percaya plak"
"335","  vaksin tak percaya pil kurus percaya bagus"
"336","  vaksin tak percaya janji manis lelaki percaya plak"
"337","  vaksin tak percaya ibu mengandung makan kicap anak jadi hitam percaya pulak"
"338","  cip deh 

"
"339","  vaksin tak percaya janji manis lelaki percaya plak"
"340","  vaksin tak percaya pil kurus percaya bagus"
"341","  vaksin tak percaya pil kurus percaya bagus"
"342","kubu raya selasa  januari  telah dilaksanakan vaksinasi tenaga kesehatan puskesmas desa sungai asam kec sun "
"343","  vaksin tak percaya janji manis lelaki percaya plak"
"344","  vaksin tak percaya pil kurus percaya bagus"
"345","video menguji seberapa ampuh vaksin sinovac pemerintah jokowimaruf amin telah memulai program vaksinasi covid "
"346","  vaksin tak percaya ibu mengandung makan kicap anak jadi hitam percaya pulak"
"347","  di awal kemunculan dokter  saya gak respek saya anggap dia terlalu berlebihan 
tapi ternyata sikap dia yang s"
"348","  vaksin tak percaya pil kurus percaya bagus"
"349","  vaksin tak percaya janji manis lelaki percaya plak"
"350","  vaksin tak percaya janji manis lelaki percaya plak"
"351","  kominfo memastikan informasi yang menyebutkan penerima vaksin covid buatan sinovac meninggal dunia adalah kabar hoax tak"
"352","  vaksin tak percaya pil kurus percaya bagus"
"353","  di awal kemunculan dokter  saya gak respek saya anggap dia terlalu berlebihan 
tapi ternyata sikap dia yang s"
"354","  antivaxx lepas kena paksa cucuk vaksin "
"355","  vaksin tak percaya janji manis lelaki percaya plak"
"356"," habis di vaksin apaan nih"
"357","  vaksin tak percaya bf kata tak buaya dekat pubg percaya"
"358","  vaksin tak percaya ibu mengandung makan kicap anak jadi hitam percaya pulak"
"359","  sebanyak  orang relawan uji vaksin di bandung jawa barat positif covid kemenkes sebut kejadian ini merupakan bukti"
"360","  vaksin tak percaya pil kurus percaya bagus"
"361","  vaksin tak percaya janji manis lelaki percaya plak"
"362","  vaksin tak percaya pil kurus percaya bagus"
"363","  vaksin tak percaya ibu mengandung makan kicap anak jadi hitam percaya pulak"
"364","  vaksin tak percaya pil kurus percaya bagus"
"365","  vaksin tak percaya ibu mengandung makan kicap anak jadi hitam percaya pulak"
"366","komnas kipi telah menerima  laporan efek samping terkait vaksin corona buatan sinovac per selasa  begini k "
"367","  gak usah soksokan ketakutan mikir ada kandungan apaan aja di dalam vaksin lu makan mie ayam pake saos botolan yang banyak pa"
"368","  sadar diri adalah vaksin terbaik untuk menghindari luka yang lebih kronis"
"369","  vaksin tak percaya ibu mengandung minum soya anak jadi putih percaya pula"
"370","  wkwkwkwwkwkwwkwk ini absurd bro asli  microchip d vaksin wkwkwwkw"
"371","  vaksin tak percaya pil kurus percaya bagus"
"372","  vaksin tak percaya pil kurus percaya bagus"
"373","  vaksin tak percaya pil kurus percaya bagus"
"374","  ada yg sekarang ngaku pro nkri bawa pancasila kalo bicara
dikira kita semua bungul seperti kadrun

awasfpiularganti"
"375","  vaksin tak percaya ibu mengandung makan kicap anak jadi hitam percaya pulak"
"376","  vaksin tak percaya janji manis lelaki percaya plak"
"377","  masyarakat tidak perlu khawatir vaksin sinovac aman dan efektif 

buat masyarakat jangan mudah terprovokasi oleh kabar"
"378","  vaksin tak percaya janji manis lelaki percaya plak"
"379","  vaksin tak percaya pil kurus percaya bagus"
"380","  vaksin tak percaya pil kurus percaya bagus"
"381","  siang tuips ternyata masih banyak masyarakat yang ragu dgn vaksin terutama vaksin sinovac akibat berbagai isu dan disi"
"382","  vaksin tak percaya ibu mengandung makan kicap anak jadi hitam percaya pulak"
"383","  temen gua kena covid x gejala infeksi ke lebih berat dari yg pertama sampe presyok asli kalo bisa vaksin mendin"
"384","  vaksin tak percaya ibu mengandung makan kicap anak jadi hitam percaya pulak"
"385","  vaksin tak percaya janji manis lelaki percaya plak"
"386","  wkwkwkwwkwkwwkwk ini absurd bro asli  microchip d vaksin wkwkwwkw"
"387","covid survei ini bertujuan untuk mengetahui pandangan para mahasiswa mengenai vaksin ini

dimohon agar selur "
"388","  ini yg kemarin sy dan bbrp teman laporkan terkait hoax soal vaksin
sekali lg sy berharap pemerintah bkn hny meluruskan a"
"389","nobita bebas dari doraemon yang jadi titan gara ga suntik vaksin "
"390","tidak ada laporan efek samping vaksinasi covid di jakarta wagub semoga vaksin kedua lancar  "
"391","erick thohir merek dan jenis vaksin covid mandiri akan berbeda dengan yang gratis    "
"392","  vaksin tak percaya pil kurus percaya bagus"
"393","  vaksin tak percaya pil kurus percaya bagus"
"394","  vaksin tak percaya janji manis lelaki percaya plak"
"395"," abis di vaksin bs glowing in the dark"
"396","  vaksin tak percaya janji manis lelaki percaya plak"
"397","  hoax 
danramil kebomas di gresik meninggal akibat disuntik vaksin covid

fakta
danramil kebomas mayor kav gatot supriy"
"398","moderna selidiki kemungkinan reaksi alergi vaksin covid  tekno tempo covid covid "
"399","  vaksin tak percaya pil kurus percaya bagus"
"400","  cip deh 

"
"401","satu orang pingsan usai vaksin covid di jateng ganjar pastikan tak bahaya  detikhealth covid covid "
"402","  vaksin tak percaya ibu mengandung makan kicap anak jadi hitam percaya pulak"
"403","  vaksin tak percaya bf kata tak buaya dekat pubg percaya"
"404","  vaksin tak percaya janji manis lelaki percaya plak"
"405","  israel dosis pertama vaksin pfizer tidak seefektif dari yg diklaim pfizer dan berkemungkinan tidak mampu memproteksi dari"
"406","  vaksin tidak percaya taip y untuk melihat mulut ular di dalam gambar ini terbuka percaya"
"407","       nak tunggu kes rendah itu mungkin ambil masa lama vaksin p"
"408","  vaksin tak percaya pil kurus percaya bagus"
"409","  menurut bpom ada efek samping dr vaksin covid

yaitu level ringan ke sedang nyeri iritasi pembengkakan serta efek samping"
"410","  hoax
video puluhan santri pingsan setelah vaksin covid sinovac

fakta
video tsb menayangkan puluhan santri pondok pesant"
"411","  hoaks dikabarkan meninggal usai disuntik vaksin mayor sugeng saya sehat dan bugar

kadrun kagak inget akherat biki"
"412","  gilakkk ini  

pantas saja teriak rugi terus didepan pak  
ternyata digarong sm oknum berengsek 

jika terb"
"413","  tidak percaya vaksin tapi percaya krim abalabal adaada saja kelakuan beberapa manusia"
"414","  vaksin tak percaya pil kurus percaya bagus"
"415","  vaksin covid

aman 
dr tirta yg sdh divaksin tidak merasakan efek buruk

tambah makan x sehari 
laper apa doyan dok"
"416","  hoax
vaksin covid memiliki chip yang dapat melacak orang

fakta
juru bicara kementerian kominfo menyatakan bahwa barcod"
"417","  vaksin tak percaya ibu mengandung makan kicap anak jadi hitam percaya pulak"
"418","  duterte menjawab senator itu kamu mau vaksin pfizer di norwegia  mati sesudah disuntik ok saya belikan buat kalian "
"419","  vaksin tak percaya bercinta percaya pulak"
"420","  hoax
video bill gates rapat dengan cia mengenai vaksin pada tahun 

fakta
video telah beredar sejak  lalu presente"
"421","  vaksin tak percaya pil kurus percaya bagus"
"422","papasan sama mobil yg ngangkut vaksin jd pengen ikutan naik"
"423","  info penting vaksin

untuk penggunaan vaksin itu bpom memastikan dari awal produksi hingga tahap distribusi keseluruha"
"424","  hoax 
ketika di vaksin microchip yg sangat kecil dipasang tanpa terasa new dajjal siap membunuh  milyard manusia

fak"
"425","  vaksin tak percaya pil kurus percaya bagus"
"426","  vaksin tak percaya janji manis lelaki percaya plak"
"427","  vaksin tak percaya janji manis lelaki percaya plak"
"428","  vaksin tak percaya janji manis lelaki percaya plak"
"429","  hai gaes sudah tau kan pemerintah indonesia telah memulai tahap vaksinasi covid  presiden jokowi yg pertama disuntik v"
"430","  urusan vaksin di filipina kacau warga filipina yg seperti biasa berlagak keamerikaan mendesak duterte menyediakan vaksin"
"431","vaksin tak percaya janji manis kekasih percaya pulak"
"432","  di awal kemunculan dokter  saya gak respek saya anggap dia terlalu berlebihan 
tapi ternyata sikap dia yang s"
"433","gubernur jawa tengah sebagai yang pertama menerima vaksin di jawa tengah dan kalian selanjutnya yaa ayo kita suk "
"434","  hoax
vaksin yang dipakai jokowi tidak asli krn harus menggunakan alat suntik

fakta
vaksin yang dikemas menggunakan prefill"
"435","  ayo  tindak tegas penyebar hoax terkait vaksin covid ini sangat berbahaya karena dapat membuat masyarakat t"
"436","  vaksin tak percaya pil kurus percaya bagus"
"437"," menyebarkan hoax vaksin dan membuat orang menolak di vaksinasi dimasa pandemi adalah tindakan kejahatan "
"438","  vaksin tak percaya pil kurus percaya bagus"
"439","  jadi jangan ragu untuk melakukan vaksin dan tentunya tetap disiplin menjalankan m menggunakan masker mencuci tangan denga"
"440","  vaksin tak percaya pil kurus percaya bagus"
"441","  vaksin tak percaya pil kurus percaya bagus"
"442","  vaksin tak percaya pil kurus percaya bagus"
"443","  vaksin tak percaya ibu mengandung makan kicap anak jadi hitam percaya pulak"
"444","  vaksin tak percaya janji manis lelaki percaya plak"
"445","  vaksin tak percaya pil kurus percaya bagus"
"446","  ternyata faktanya bahwa para laskar justru menunggu dgn kata lain dgn pogah nantangin aparat dan jika ada yg tewas dl"
"447","  vaksin tak percaya janji manis lelaki percaya plak"
"448","  vaksin tak percaya pil kurus percaya bagus"
"449","  vaksin tidak percaya taip y untuk melihat mulut ular di dalam gambar ini terbuka percaya"
"450","  vaksin tak percaya janji manis lelaki percaya plak"
"451","  vaksin tak percaya buaya cakap sumpah b i sayang u sorang je love u now n forever takkan jumpa penganti percaya"
"452","  amankah vaksin kovid

jawab amaaaan 

 sdh suci amp halal sesuci dirimu yg mengklaim masuk surga
 sdh ada izin bpom a"
"453","  vaksin tak percaya pil kurus percaya bagus"
"454","ohh ini vaksin covidnya

loh kok ky pernah liat "
"455","  vaksin tak percaya pil kurus percaya bagus"
"456","  vaksin sinovac sdh diuji di tiongkok indonesia brazil dan turki
aman krn sdh mendapat izin emergency use authorization"
"457","  vaksin tak percaya ibu mengandung makan kicap anak jadi hitam percaya pulak"
"458","wkwkwkwwkwkwwkwk ini absurd bro asli  microchip d vaksin wkwkwwkw "
"459","  vaksin tak percaya ibu mengandung makan kicap anak jadi hitam percaya pulak"
"460","  kembali politik vaksin di brazil foto perawat yg mendapat vaksin sinovac pertama di brazil menjadi viral di brazil dan lan"
"461","  menurut bpom ada efek samping dr vaksin covid

yaitu level ringan ke sedang nyeri iritasi pembengkakan serta efek samping"
"462","  vaksin tak percaya pil kurus percaya bagus"
"463","  merinding guesayup sayup teriakan rakyat memanggil pemimpin bangsa ketika mengunjungi daerah terkena dampak bencana"
"464","  vaksin tak percaya ibu mengandung makan kicap anak jadi hitam percaya pulak"
"465","  vaksin tak percaya pil kurus percaya bagus"
"466","  vaksin tak percaya pil kurus percaya bagus"
"467","  vaksin covid

aman 
dr tirta yg sdh divaksin tidak merasakan efek buruk

tambah makan x sehari 
laper apa doyan dok"
"468","  vaksin tak percaya pil kurus percaya bagus"
"469","  vaksin tak percaya pil kurus percaya bagus"
"470","  setelah tibanya vaksin covid sinovac asal china di indonesia pt bio farma menyampaikan hasil audit awal uji vaksin dengan"
"471","  vaksin tak percaya pil kurus percaya bagus"
"472","program pemberian vaksin merupakan wujud nyata guna melindungi segenap rakyat indonesia albumizonedarishopee "
"473","  vaksin tak percaya bercinta percaya pulak"
"474","  vaksin tak percaya pil kurus percaya bagus"
"475","  vaksin tak percaya tapi petua minum air soya banyakbanyak supaya anak lahir putih melepak percaya pulak"
"476","  vaksin sinovac sdh diuji di tiongkok indonesia brazil dan turki
aman krn sdh mendapat izin emergency use authorization"
"477","  vaksin tak percaya ibu mengandung makan kicap anak jadi hitam percaya pulak"
"478","  menurut bpom ada efek samping dr vaksin covid

yaitu level ringan ke sedang nyeri iritasi pembengkakan serta efek samping"
"479","  vaksin tak percaya janji manis lelaki percaya plak"
"480","  vaksin tak percaya pil kurus percaya bagus"
"481","  vaksin tak percaya janji manis lelaki percaya plak"
"482","  vaksin covid

aman 
dr tirta yg sdh divaksin tidak merasakan efek buruk

tambah makan x sehari 
laper apa doyan dok"
"483","  amankah vaksin kovid

jawab amaaaan 

 sdh suci amp halal sesuci dirimu yg mengklaim masuk surga
 sdh ada izin bpom a"
"484","  vaksin tak percaya janji manis lelaki percaya plak"
"485","  vaksin tak percaya ibu mengandung makan kicap anak jadi hitam percaya pulak"
"486","  vaksin tidak percaya taip y untuk melihat mulut ular di dalam gambar ini terbuka percaya"
"487","  vaksin tak percaya pil kurus percaya bagus"
"488","  antivaxx lepas kena paksa cucuk vaksin "
"489","  hai drun masih g mau bersyukur jg dg negara ini tentang vaksin

mau kalian jd sprti republik guinea yg hny bs mendapatk"
"490","  vaksin tak percaya pil kurus percaya bagus"
"491","  masyarakat tidak perlu khawatir vaksin sinovac aman dan efektif 

buat masyarakat jangan mudah terprovokasi oleh kabar"
"492","  vaksin tak percaya ibu mengandung makan kicap anak jadi hitam percaya pulak"
"493","vaksin tak percaya bf kata tak buaya dekat pubg percaya"
"494","  vaksin tak percaya janji manis lelaki percaya plak"
"495","  info penting vaksin

untuk penggunaan vaksin itu bpom memastikan dari awal produksi hingga tahap distribusi keseluruha"
"496","  banyak orang ragu ikut vaksin karena terhasut hoax yang sengaja dibuat oleh kelompok yang ingin indonesia hancur secara eko"
"497","  vaksin tak percaya janji manis lelaki percaya plak"
"498","  vaksin tak percaya pil kurus percaya bagus"
"499","vaksin tak percaya ibu mengandung minum soya anak jadi putih percaya pula"
"500","  untuk kalian ketahui saja uji klinis tahap  yg di lakukan diindonesia utk vaksin sinovac tingkat efikasi mencapai "
"501","membubarkan dan melarang aktivitas fpi adalah langkah yang tepat 

tangkal hoax vaksin kovid
awasfpiulargantikulit "
"502","  vaksin tak percaya janji manis lelaki percaya plak"
"503","  vaksin tak percaya pil kurus percaya bagus"
"504","   terus gaes jangan percaya akan hoax kalo vaksin tdk halal mengandung bahan tertentu lahtenang aja buat umat muslim yg"
"505","  vaksin tak percaya ibu mengandung makan kicap anak jadi hitam percaya pulak"
"506","  sobatdamai jangan sampai lengah ya walaupun vaksin covid sudah ada protokol kesehatan harus tetap dijalankan disiplin m"
"507","  pemerintah dituduh secara tidak adil memberikan kontrak produksi vaksin kepada perusahaan yang menjalin hubungan baik dengan"
"508","laskar preman fpi sok jago jadi teroris langsung kena sikat habis 

tangkal hoax vaksin kovid "
"509","  vaksin tak percaya ibu mengandung makan kicap anak jadi hitam percaya pulak"
"510","  vaksin tidak percaya taip y untuk melihat mulut ular di dalam gambar ini terbuka percaya"
"511","  vaksin tak percaya prince meed percaya pulak"
"512","  vaksin tak percaya pil kurus percaya bagus"
"513","  hoax
video bill gates rapat dengan cia mengenai vaksin pada tahun 

fakta
video telah beredar sejak  lalu presente"
"514","  vaksin tak percaya ibu mengandung makan kicap anak jadi hitam percaya pulak"
"515","  hoax 
ketika di vaksin microchip yg sangat kecil dipasang tanpa terasa new dajjal siap membunuh  milyard manusia

fak"
"516","udah ngerti kan sekarang jangan lagi ikutikutan ormas fpi 

tangkal hoax vaksin kovid
awasfpiulargantikulit "
"517","  vaksin tak percaya ibu mengandung makan kicap anak jadi hitam percaya pulak"
"518","  vaksin tak percaya janji manis lelaki percaya plak"
"519","  vaksin tak percaya pil kurus percaya bagus"
"520","  dr walid zaher chief research g yg melakukan uji klinis fase  sinopharm di uae mengatakan vaksin sinopharm terbukti mem"
"521","sebuah studi barubaru ini yang diterbitkan dalam the journal of clinical investigation menunjukkan bahwa bacillu "
"522","  vaksin tak percaya ibu mengandung makan kicap anak jadi hitam percaya pulak"
"523","  vaksin tak percaya janji manis lelaki percaya plak"
"524","  smw pihak mnyatakn ingin virus segera mnjauh tpi lucunya mrk gk mw di vaksin

pdhl berdasarkn hsil uji klinis fase ktig"
"525","  vaksin tak percaya ibu mengandung makan kicap anak jadi hitam percaya pulak"
"526","dukung pembubaran fpi usut tuntas kepemilikan senjata fpi

tangkal hoax vaksin kovid
awasfpiulargantikulit "
"527","  vaksin tak percaya janji manis lelaki percaya plak"
"528","  ooh terkait pembentukan antibodi ya aku pernah baca antibodi yg terbentuk alami kr "
"529","vaksin merah putih tetap di perlukan meskipun indonesia sudah membeli vaksin dari negara lain
bilang saudaramu "
"530","  vaksin tak percaya ibu mengandung makan kicap anak jadi hitam percaya pulak"
"531","  vaksin tak percaya ibu mengandung makan kicap anak jadi hitam percaya pulak"
"532","  vaksin tak percaya pil kurus percaya bagus"
"533","  vaksin tak percaya pil kurus percaya bagus"
"534","  hai gaes sudah tau kan pemerintah indonesia telah memulai tahap vaksinasi covid  presiden jokowi yg pertama disuntik v"
"535","  vaksin tak percaya pil kurus percaya bagus"
"536","  vaksin tak percaya pil kurus percaya bagus"
"537","  vaksin tak percaya ibu mengandung makan kicap anak jadi hitam percaya pulak"
"538","  vaksin tak percaya ibu mengandung makan kicap anak jadi hitam percaya pulak"
"539","niat hati ingin vaksin eh malah kabir kau broo semoga baik aja"
"540","  gaes vaksin sinovac produksi perusahaan bioteknologi 
berbendera china bernama sinovac biotech ltdperusahaan ini bermar"
"541","  vaksin tak percaya ibu mengandung makan kicap anak jadi hitam percaya pulak"
"542","  vaksin tak percaya janji manis lelaki percaya plak"
"543","  vaksin tak percaya ibu mengandung makan kicap anak jadi hitam percaya pulak"
"544","  vaksin tak percaya pil kurus percaya bagus"
"545","  tapi  dosis vaksin moderna sdh didistribusikan ke  tempat vaksinasi pejabat kesehatan california menghimbau vaksi"
"546","menurut ramalan my tahun  akan ada pergantian presiden kemudian direvisi jadi tahun 

ini nggak usah dirama "
"547","  temen gua kena covid x gejala infeksi ke lebih berat dari yg pertama sampe presyok asli kalo bisa vaksin mendin"
"548","  vaksin tak percaya pil kurus percaya bagus"
"549","  siang tuips ternyata masih banyak masyarakat yang ragu dgn vaksin terutama vaksin sinovac akibat berbagai isu dan disi"
"550","  vaksin tak percaya pil kurus percaya bagus"
"551","  vaksin tak percaya tapi petua minum air soya banyakbanyak supaya anak lahir putih melepak percaya pulak"
"552","  vaksin tak percaya ibu mengandung makan kicap anak jadi hitam percaya pulak"
"553","  ada yg bilang vaksin dikasih chip di dalamnya koyoke mendem gadung sing ngomong 

yg dimaksud menteri  itu adal"
"554","  pengurus wilayah muhammadiyah jabar stlh divaksin
malah tidur tadi malam sngt nyenyak bangun di pagi malah lebih percay"
"555","  vaksin tak percaya ibu mengandung makan kicap anak jadi hitam percaya pulak"
"556","  vaksin tak percaya pil kurus percaya bagus"
"557","  vaksin tak percaya janji manis lelaki percaya plak"
"558","  vaksin tak percaya pil kurus percaya bagus"
"559","  vaksin tak percaya pil kurus percaya bagus"
"560","  vaksin tak percaya ibu mengandung makan kicap anak jadi hitam percaya pulak"
"561","  vaksin tak percaya ibu mengandung makan kicap anak jadi hitam percaya pulak"
"562","  israel dosis pertama vaksin pfizer tidak seefektif dari yg diklaim pfizer dan berkemungkinan tidak mampu memproteksi dari"
"563","beredar video kepala bpom ditekan dan diancam keluarkan izin vaksin covid cek faktanya  "
"564","  erick thohir merek dan jenis vaksin covid mandiri akan berbeda dengan yang gratis "
"565","  vaksin tak percaya pil kurus percaya bagus"
"566","  setelah amerika amp eropa barat memulai vaksinasi dgn vaksin pfizer kemudian agak terhambat krn produksi macet negara lain"
"567","  vaksin sinovac sudah di uji di tiongkok kemudian indonesia brazil dan turki 

vaksin sinovac juga sudah mendapatkan ijin"
"568","  vaksin tak percaya pil kurus percaya bagus"
"569","vaksin terbaik bagi mengawal wabak covid ini adalah diri kita sendiri

jaga diri dan keluarga patuhi sop dan a "
"570","di mojokmentok kali ini mas  mewawancarai  salah satu penerima vaksin covid pertama lho "
"571","  vaksin tak percaya pil kurus percaya bagus"
"572","  vaksin tak percaya ibu mengandung makan kicap anak jadi hitam percaya pulak"
"573","  di satu rs california vaksinasi dgn vaksin moderna vaksin mrna dihentikan setelah terjadi reaksi alergi beruntun dari pen"
"574","  vaksin tak percaya bercinta percaya pulak"
"575","  jadi jangan ragu untuk melakukan vaksin dan tentunya tetap disiplin menjalankan m menggunakan masker mencuci tangan denga"
"576","  vaksin tak percaya ibu mengandung makan kicap anak jadi hitam percaya pulak"
"577","  vaksin tak percaya ibu mengandung makan kicap anak jadi hitam percaya pulak"
"578","  vaksin tak percaya pil kurus percaya bagus"
"579","  vaksin tak percaya janji manis lelaki percaya plak"
"580","  vaksin tak percaya pil kurus percaya bagus"
"581","  benar juga batch vaksin moderna ditarik dari peredaran karena warga kena shock setelah divaksin moderna belum pernah memp"
"582","  cip deh 

"
"583","  kode barcode yg menempel pd botol cairan vaksin dibilang chip yg ada dlm vaksin
kadrun kalo membodohi temannya sendiri g"
"584","  vaksin covid kerajaan bawa orang tak mahu percaya 
pil kurus kat chow kit road atau internet ramai percaya  
apal"
"585","  vaksin tak percaya pil kurus percaya bagus"
"586","  vaksin tak percaya ibu mengandung makan kicap anak jadi hitam percaya pulak"
"587","  vaksin tak percaya pil kurus percaya bagus"
"588","  indonesia telah memesan  juta dosis vaksin yang dikembangkan oleh sinovac sedangkan brasil di peringkat kedua dengan "
"589","  vaksin tak percaya pil kurus percaya bagus"
"590","  vaksin tak percaya pil kurus percaya bagus"
"591","  vaksin tak percaya pil kurus percaya bagus"
"592","  vaksin tak percaya pil kurus percaya bagus"
"593","  vaksin tak percaya janji manis lelaki percaya plak"
"594","  vaksin tak percaya pil kurus percaya bagus"
"595","  vaksin tak percaya ibu mengandung makan kicap anak jadi hitam percaya pulak"
"596","  vaksin tak percaya pil kurus percaya bagus"
"597","kok ada ya orang yang mempermasalahkan vaksin padahal dia ngerokok i mean vaksin udah lolos bpom dan mui kok nga "
"598","  keluarga kaya rela terbang ke luar negeri untuk menerima vaksin dengan kualitas terbaik "
"599","  vaksin tak percaya ibu mengandung makan kicap anak jadi hitam percaya pulak"
"600","  vaksin tak percaya pil kurus percaya bagus"
"601","  berikut manfaat vaksin disamping untuk kekebalan individu juga bermanfaat buat kekebalan kelompok 

vaksin dapat memu"
"602","  vaksin tak percaya ibu mengandung makan kicap anak jadi hitam percaya pulak"
"603","  setelah presiden  divaksin  artis dan influencer sudah divaksin c ini artinya masyarakat luas tak perlu me"
"604","  vaksin tak percaya pil kurus percaya bagus"
"605","  serbia menjadi negara eropa pertama yg melakukan vaksinasi massal dgn vaksin asal china yaitu sinopharm

hungaria juga sud"
"606","  ga tebakan

drpd aku bingung dijewer ma bluebirdmari seruan yuuk
soal tinggi aku cm
jawab di replay
clue gt c"
"607","  vaksin tak percaya janji manis lelaki percaya plak"
"608","  pendapat ahli imunologi mengatakan vaksi sinovac aman dan efektif ngapain kalian masih mendengarkan pendapat yang meng"
"609","  vaksin tak percaya janji manis lelaki percaya plak"
"610","  vaksin tak percaya janji manis lelaki percaya plak"
"611","  sy cuma mau bilang mampus

kualat memanfaatkan islam unk kepentingan kelompok aplg dgn cara yg dilarang dalam islam

ta"
"612","  vaksin tak percaya ibu mengandung makan kicap anak jadi hitam percaya pulak"
"613","  temen gua kena covid x gejala infeksi ke lebih berat dari yg pertama sampe presyok asli kalo bisa vaksin mendin"
"614","  vaksin tak percaya ibu mengandung makan kicap anak jadi hitam percaya pulak"
"615","  vaksin tak percaya janji manis lelaki percaya plak"
"616","  seperti yg sudah kita ketahui bersama pemerintah indonesia sudah memulai program vaksinasi covid ditandai dengan peny"
"617","  vaksin tak percaya janji manis lelaki percaya plak"
"618","   cm
tangkal hoax vaksin kovid"
"619","  vaksin tak percaya ibu mengandung makan kicap anak jadi hitam percaya pulak"
"620","    sedangkan vaksin pun sebagai pencegahan dalam perubatan kita perlu l "
"621","  vaksin tak percaya ibu mengandung makan kicap anak jadi hitam percaya pulak"
"622","  

tlg dilacak vidio ini menyebar hoax yg sangat meresahkan masyarakat  
vidio ini insiden "
"623","  vaksin tak percaya janji manis lelaki percaya plak"
"624","  vaksin tak percaya janji manis lelaki percaya plak"
"625","  vaksin tak percaya ibu mengandung makan kicap anak jadi hitam percaya pulak"
"626","  vaksin tak percaya pil kurus percaya bagus"
"627","  ibaratnya begal nih diambil satu dipatahin tangan kakinya lehernya diikat trus latihan "
"628","inilah mengapa orang yg sudah terinfeksi covid idealnya tetap di vaksin "
"629","  vaksin tak percaya pil kurus percaya bagus"
"630","  vaksin tak percaya janji manis lelaki percaya plak"
"631","  vaksin tak percaya pil kurus percaya bagus"
"632","  vaksin itu soal keselamatan dan kesehatan kita bersama juga salah satu ikhtiar kita dan pemerintah dalam memerangi pandemi"
"633","   menurut mata batin ku
tb  

tangkal hoax vaksin kovid"
"634","  vaksin tak percaya pil kurus percaya bagus"
"635","  di awal kemunculan dokter  saya gak respek saya anggap dia terlalu berlebihan 
tapi ternyata sikap dia yang s"
"636","  vaksin tak percaya pil kurus percaya bagus"
"637","  vaksin tak percaya ibu mengandung makan kicap anak jadi hitam percaya pulak"
"638","  cip deh 

"
"639","  bantu sebarkan berita ini agar para kadrun membaca tentang ini
agar mereka bs sedikit bersyukur karena negara kita memiliki"
"640","  vaksin tak percaya janji manis lelaki percaya plak"
"641","  vaksin tak percaya pil kurus percaya bagus"
"642","  vaksin tak percaya pil kurus percaya bagus"
"643","  vaksin tak percaya pil kurus percaya bagus"
"644","   yg percaya yah cuma org bodoh wong vaksin aja yg duluan garda depan bel "
"645","  usah risau menerima beberapa vaksin dalam masa yang sama adalah selamat 

komunikasikita
vaksincovid 
jabatanpenera"
"646","  vaksin tak percaya janji manis lelaki percaya plak"
"647","  kode barcode yg menempel pd botol cairan vaksin dibilang chip yg ada dlm vaksin
kadrun kalo membodohi temannya sendiri g"
"648","  vaksin tak percaya janji manis lelaki percaya plak"
"649","  zubairi menegaskan hal tsb tidaklah benar sebab menyuntik tidak harus selalu tegak lurus dengan cara intramuskular hal it"
"650","  akhirnya nies nyerah dan lempar handuk krn tdk sanggup lagi menangani covid 
dan meminta pemerintah pusat utk mengambil"
"651","  vaksin tak percaya pil kurus percaya bagus"
"652","  ceritanyateroris minta keadilan

tangkal hoax vaksin kovid
awasfpiulargantikulit 
 "
"653","  vaksin tak percaya pil kurus percaya bagus"
"654","  vaksin tak percaya pil kurus percaya bagus"
"655","  vaksin tak percaya pil kurus percaya bagus"
"656","  vaksin tak percaya ibu mengandung makan kicap anak jadi hitam percaya pulak"
"657","  vaksin tak percaya bercinta percaya pulak"
"658","  kominfo memastikan informasi yang menyebutkan penerima vaksin covid buatan sinovac meninggal dunia adalah kabar hoax tak"
"659","  vaksin tidak percaya tekan link ini untuk melihat perempuan seksi ini menari untuk anda percaya"
"660","  israel menolak membagikan vaksin covid kepada warga palestina

saya tidak tahu vaksin merk apa yg israel punya tapi kalau kebija"
"661","  setelah tibanya vaksin covid sinovac asal china di indonesia pt bio farma menyampaikan hasil audit awal uji vaksin dengan"
"662","  vaksin tak percaya pil kurus percaya bagus"
"663","  vaksin tak percaya janji manis lelaki percaya plak"
"664","  ga tebakan

drpd aku bingung dijewer ma bluebirdmari seruan yuuk
soal tinggi aku cm
jawab di replay
clue gt c"
"665","  vaksin tak percaya janji manis lelaki percaya plak"
"666","  vaksin tak percaya janji manis lelaki percaya plak"
"667","  vaksin tak percaya janji manis lelaki percaya plak"
"668","  ceritanyateroris minta keadilan

tangkal hoax vaksin kovid
awasfpiulargantikulit 
 "
"669","  pelertina nolak vaksin dari israel
tapi jual derita ga dikasi vaksin
lalu skrg mau beli vaksin dari rusia dgn stok terbata"
"670","  vaksin tak percaya ibu mengandung makan kicap anak jadi hitam percaya pulak"
"671","pemerintah dituduh secara tidak adil memberikan kontrak produksi vaksin kepada perusahaan yang menjalin hubungan ba "
"672","  vaksin tak percaya ibu mengandung makan kicap anak jadi hitam percaya pulak"
"673","  ini yg kemarin sy dan bbrp teman laporkan terkait hoax soal vaksin
sekali lg sy berharap pemerintah bkn hny meluruskan a"
"674","  vaksin tak percaya janji manis lelaki percaya plak"
"675","  vaksin tak percaya pil kurus percaya bagus"
"676","  vaksin tak percaya pil kurus percaya bagus"
"677"," jam setelah vaksin covid tangan pegel euuuy"
"678","beruntungnya indonesia telah amankan sejumah vaksin giveawayakubaca optimisnegeribangkit "
"679","  vaksin tak percaya ibu mengandung makan kicap anak jadi hitam percaya pulak"
"680","  vaksin tak percaya pil kurus percaya bagus"
"681","   utk mengetahui siapa saja penyandang dana fpi ppatk sampai senin siang  masih melakukan financial tracking ke"
"682","  vaksin tak percaya ibu mengandung makan kicap anak jadi hitam percaya pulak"
"683","  vaksin tak percaya ibu mengandung makan kicap anak jadi hitam percaya pulak"
"684","  vaksin tak percaya janji manis lelaki percaya plak"
"685","  vaksin tak percaya pil kurus percaya bagus"
"686","  vaksin tak percaya ibu mengandung makan kicap anak jadi hitam percaya pulak"
"687","  cara lain untuk mendapatkan vaksin corona "
"688"," lucu aja dokter ga mau disuntik vaksin"
"689","  vaksin tak percaya pil kurus percaya bagus"
"690","  vaksin tak percaya pil kurus percaya bagus"
"691","  vaksin tak percaya pil kurus percaya bagus"
"692","  vaksin tak percaya pil kurus percaya bagus"
"693","  tipe tipe ekspresi muka  saat di vaksin chek 





"
"694","  vaksin tak percaya bercinta percaya pulak"
"695","  vaksin tak percaya janji manis lelaki percaya plak"
"696","  transformasi menuju polri yang presisi
 program besar yang disampaikan oleh calon kapolri komjen listyo sigit prabowo"
"697","    fasa sekarang adalah fasa pencegahan berbagai cara yang kita dapat "
"698","  vaksin tak percaya pil kurus percaya bagus"
"699","  vaksin tak percaya pil kurus percaya bagus"
"700","  vaksin tak percaya ibu mengandung makan kicap anak jadi hitam percaya pulak"
"701","  vaksin tak percaya pil kurus percaya bagus"
"702","  vaksin tak percaya pil kurus percaya bagus"
"703","  vaksin tak percaya janji manis lelaki percaya plak"
"704","  vaksin tak percaya ibu mengandung makan kicap anak jadi hitam percaya pulak"
"705","  vaksin tak percaya ibu mengandung makan kicap anak jadi hitam percaya pulak"
"706","   data warga penerima vaksin yang dipakai dari kelurahan atau dari puskes "
"707","  vaksin tidak percaya tekan link ini untuk melihat perempuan seksi ini menari untuk anda percaya"
"708","  vaksin tak percaya pil kurus percaya bagus"
"709","  sebagai orang nomor satu di indonesia bapak  menerima vaksin c yang pertama sebagai bentuk tanggungjawab kepa"
"710","  wah panas dingin ini pemain vaksin mana udah borong pula ratusan juta vaksin baik dari china maupun tempat lain terny"
"711","  vaksin tak percaya pil kurus percaya bagus"
"712","  transformasi menuju polri yang presisi
 program besar yang disampaikan oleh calon kapolri komjen listyo sigit prabowo"
"713","  vaksin tak percaya janji manis lelaki percaya plak"
"714","  vaksin tak percaya pil kurus percaya bagus"
"715","kominfo memastikan informasi yang menyebutkan penerima vaksin covid buatan sinovac meninggal dunia adalah kabar "
"716","  temen gua kena covid x gejala infeksi ke lebih berat dari yg pertama sampe presyok asli kalo bisa vaksin mendin"
"717","  vaksin tak percaya janji manis lelaki percaya plak"
"718","  vaksin tak percaya pil kurus percaya bagus"
"719","  vaksin tak percaya pil kurus percaya bagus"
"720","  vaksin tak percaya janji manis lelaki percaya plak"
"721","  vaksin tak percaya pil kurus percaya bagus"
"722","dalam gelaran fit and proper test di komisi iii dpr hari ini
 program besar disampaikan oleh calon kapolri komjen "
"723","  ingat yaa 

efikasi vaksin sinovac di indonesia mencapai  lebih tinggi dari anjuran who yang mensyaratkan minimal "
"724","  vaksin tak percaya pil kurus percaya bagus"
"725","  kode barcode yg menempel pd botol cairan vaksin dibilang chip yg ada dlm vaksin
kadrun kalo membodohi temannya sendiri g"
"726","apa sugesti gtu ya atau emang bener faktanya abis vaksin jadi ngantuk banget trus bawannya laper terus  lahap bget dah makanny "
"727","  vaksin tak percaya pil kurus percaya bagus"
"728","  vaksin tak percaya pil kurus percaya bagus"
"729","  vaksin tak percaya janji manis lelaki percaya plak"
"730","  vaksin tak percaya pil kurus percaya bagus"
"731","  vaksin sinovac aman di gunakan   

waspadai narasi dan nyinyiran yang salah amp kliru tentang keamanan vaksin sinovac ini ya"
"732","  ada yg sekarang ngaku pro nkri bawa pancasila kalo bicara
dikira kita semua bungul seperti kadrun

awasfpiularganti"
"733","  vaksin tak percaya ibu mengandung makan kicap anak jadi hitam percaya pulak"
"734","  vaksin tak percaya ibu mengandung makan kicap anak jadi hitam percaya pulak"
"735","  vaksin tak percaya pil kurus percaya bagus"
"736","  orang yang mendukung vaksin punya jawaban sama ketika ditanya alasan ikut vaksin 
ingin sehat ingin menyelamatkan orang"
"737","  vaksin tak percaya janji manis lelaki percaya plak"
"738","  vaksin tak percaya pil kurus percaya bagus"
"739","  vaksin tak percaya janji manis lelaki percaya plak"
"740","  vaksin tak percaya janji manis lelaki percaya plak"
"741","  vaksin tak percaya janji manis lelaki percaya plak"
"742","  vaksin tak percaya pil kurus percaya bagus"
"743","  vaksin merah putih segera diproduksi 

apa itu vaksin merah putih vaksin kovid yg dibuat sendiri oleh anak bangsa keren ya"
"744","  vaksin tak percaya janji manis lelaki percaya plak"
"745","  temen gua kena covid x gejala infeksi ke lebih berat dari yg pertama sampe presyok asli kalo bisa vaksin mendin"
"746","  vaksin tak percaya janji manis lelaki percaya plak"
"747","  bagi yang masih ngeyel ga mau vaksin coba dech liat india ini berpa banyak mrka melakukan vaksin terhadp warganya

ga ada tu"
"748","  vaksin tak percaya pil kurus percaya bagus"
"749","  beliau beliau adalah para dokter specialist di bidang nya
dan sudah di vaksin  

mantap kan 

berikut kesaksian me"
"750","  vaksin tak percaya pil kurus percaya bagus"
"751","  vaksin tak percaya pil kurus percaya bagus"
"752","  vaksin tak percaya pil kurus percaya bagus"
"753","  yg ingin tau soal vaksin dari pengertiannya bgmn vaksin bekerja hingga apakah vaksin aman silahkan dibaca pelan biar g"
"754","  vaksin tak percaya ibu mengandung makan kicap anak jadi hitam percaya pulak"
"755","  ga tebakan

drpd aku bingung dijewer ma bluebirdmari seruan yuuk
soal tinggi aku cm
jawab di replay
clue gt c"
"756","  vaksin tak percaya janji manis lelaki percaya plak"
"757","  ga tebakan

drpd aku bingung dijewer ma bluebirdmari seruan yuuk
soal tinggi aku cm
jawab di replay
clue gt c"
"758","  vaksin tak percaya pil kurus percaya bagus"
"759","  beberapa perguruan tinggi negeri terlibat dalam pembuatan vaksin ini antara lain ugm unair ui unpad dan itb 

vaksin me"
"760","  vaksin tak percaya pil kurus percaya bagus"
"761","  vaksin itu soal keselamatan dan kesehatan kita bersama juga salah satu ikhtiar kita dan pemerintah dalam memerangi pandemi"
"762","  vaksin itu bukan hanya utk diri kmu sendiri yg di untungkan tp jg utk org yg kamu cintai dan org di sekelilingmu agar sama"
"763"," salah abahcow vaksin tak sampai orang tua yang patut dapat dulu tapi tu la mask free pun tak dapat"
"764","  vaksin tak percaya ibu mengandung makan kicap anak jadi hitam percaya pulak"
"765","  vaksin tak percaya pil kurus percaya bagus"
"766","  vaksin tak percaya ibu mengandung makan kicap anak jadi hitam percaya pulak"
"767","  vaksin merah putih segera diproduksi 

apa itu vaksin merah putih vaksin kovid yg dibuat sendiri oleh anak bangsa keren ya"
"768","  vaksin tak percaya pil kurus percaya bagus"
"769","  vaksin tak percaya janji manis lelaki percaya plak"
"770","  vaksin tak percaya janji manis lelaki percaya plak"
"771","  vaksin tak percaya janji manis lelaki percaya plak"
"772","  vaksin tak percaya pil kurus percaya bagus"
"773","  vaksin tak percaya ibu mengandung makan kicap anak jadi hitam percaya pulak"
"774","  vaksin tak percaya ibu mengandung makan kicap anak jadi hitam percaya pulak"
"775","  vaksin tak percaya ibu mengandung makan kicap anak jadi hitam percaya pulak"
"776","  bantu sebarkan berita ini agar para kadrun membaca tentang ini
agar mereka bs sedikit bersyukur karena negara kita memiliki"
"777","  vaksin tak percaya ibu mengandung makan kicap anak jadi hitam percaya pulak"
"778","  vaksin tak percaya pil kurus percaya bagus"
"779","  pengurus wilayah muhammadiyah jabar stlh divaksin
malah tidur tadi malam sngt nyenyak bangun di pagi malah lebih percay"
"780","  vaksin tak percaya ibu mengandung makan kicap anak jadi hitam percaya pulak"
"781","  israel menolak membagikan vaksin covid kepada warga palestina

saya tidak tahu vaksin merk apa yg israel punya tapi kalau kebija"
"782","  vaksin tak percaya ibu mengandung makan kicap anak jadi hitam percaya pulak"
"783","  vaksin tak percaya janji manis lelaki percaya plak"
"784","  setelah dikabarkan positif covid rizieq shihab kini sering mengalami sakitsakitan selama menjalani proses pemeriksaan"
"785","  ada yang nyinyir jika vaksin yang di suntikkan ke masyarakat nanti tidak sama dengan yang di suntikkan ke pak  

itu"
"786","  vaksin tak percaya pil kurus percaya bagus"
"787","  vaksin tak percaya pil kurus percaya bagus"
"788","  vaksin tak percaya pil kurus percaya bagus"
"789","  vaksin tak percaya ibu mengandung makan kicap anak jadi hitam percaya pulak"
"790","  vaksin tak percaya member cakap otw percaya pula"
"791","  vaksin tak percaya pil kurus percaya bagus"
"792","    masalahnya apa

dari  orang  orang yang kena yg dapet placebosuntikan kosongbukan vaksin"
"793","  setelah tibanya vaksin covid sinovac asal china di indonesia pt bio farma menyampaikan hasil audit awal uji vaksin dengan"
"794","  vaksin tak percaya ibu mengandung makan kicap anak jadi hitam percaya pulak"
"795","  manfaat vaksin  

dapat memutus mata rantai      penularan penyakit yang menular 

dapat memberikan kekebalan individ"
"796","  fpi tetaplah fpi organisasi yang memanfaatkan nama agama islam demi kepentingan politik namun tidak memberikan manfaat un"
"797","  vaksin tak percaya ibu mengandung makan kicap anak jadi hitam percaya pulak"
"798","  vaksin tak percaya ibu mengandung makan kicap anak jadi hitam percaya pulak"
"799","  vaksin tak percaya janji manis lelaki percaya plak"
"800","  vaksin tak percaya pil kurus percaya bagus"
"801","  vaksin tak percaya pil kurus percaya bagus"
"802","  vaksin tak percaya pil kurus percaya bagus"
"803","  vaksin tak percaya janji manis lelaki percaya plak"
"804","  jd jgn percaya dg berita hoax yg banyak beredar krn itu cm buat nakutin kita

lagian semestinya yg ngeributin soal kualit"
"805","  vaksin tak percaya pil kurus percaya bagus"
"806","erick thohir bantah ada chip di dalam vaksin covid "
"807","  jadi gunanya kita vaksin itu bukan hanya utk diri sendiri tp juga lingkungan sekitar kita apalagi demi menjaga orang tua ki"
"808","  vaksin tak percaya ibu mengandung makan kicap anak jadi hitam percaya pulak"
"809","indonesia membeli vaksin dari empat perusahaan berbeda yakni membeli  juta dosis dari sinovac giveawayakubaca "
"810","  kode barcode yg menempel pd botol cairan vaksin dibilang chip yg ada dlm vaksin
kadrun kalo membodohi temannya sendiri g"
"811","  vaksin tak percaya janji manis lelaki percaya plak"
"812","  karena banyaknya hoax yg beredar ttg keamanan vaksinini ada penjelasan nya ya klo vaksin sinovac aman untuk di gunakan

d"
"813","  vaksin tak percaya janji manis lelaki percaya plak"
"814","  vaksin tak percaya janji manis lelaki percaya plak"
"815","  vaksin tak percaya pil kurus percaya bagus"
"816","  vaksin tak percaya bercinta percaya pulak"
"817","  vaksin tak percaya janji manis lelaki percaya plak"
"818","  inginkan penjelasan yang tepat berkaitan hukum dan permasalahan vaksin covid

muat turun segera majalah albayan siri  "
"819","  vaksin tak percaya ibu mengandung makan kicap anak jadi hitam percaya pulak"
"820","  vaksin memutuskan rantai kopit"
"821","  vaksin tak percaya bercinta percaya pulak"
"822","  vaksin tak percaya janji manis lelaki percaya plak"
"823","  info mengenai vaksin cvid yg bermuatan chip ini hoax ya

jangan mudah percaya 
yang pasti pemerintah berusaha melin"
"824","  vaksin tak percaya pil kurus percaya bagus"
"825","  vaksin tak percaya ibu mengandung makan kicap anak jadi hitam percaya pulak"
"826","  vaksin tak percaya pil kurus percaya bagus"
"827","  vaksin tak percaya pil kurus percaya bagus"
"828","  vaksin tak percaya janji manis lelaki percaya plak"
"829","  vaksin tak percaya pil kurus percaya bagus"
"830","  di awal kemunculan dokter  saya gak respek saya anggap dia terlalu berlebihan 
tapi ternyata sikap dia yang s"
"831","  vaksin tak percaya pil kurus percaya bagus"
"832","  vaksin tak percaya ibu mengandung makan kicap anak jadi hitam percaya pulak"
"833","  vaksin tak percaya pil kurus percaya bagus"
"834","  vaksin tak percaya pil kurus percaya bagus"
"835","  vaksin tak percaya janji manis lelaki percaya plak"
"836","  vaksin tak percaya janji manis lelaki percaya plak"
"837","  bismillah eric tohir sang missionaris chip covid dengan sangat terbuka menjelaskan ttg chip yg ada dalam vaksin"
"838","  beliau beliau adalah para dokter specialist di bidang nya
dan sudah di vaksin  

mantap kan 

berikut kesaksian me"
"839","  vaksin tak percaya pil kurus percaya bagus"
"840"," asal ngomong sesuai pwsanankali
smua dah di atur ol pki perjuangan
ngibulirkyt biar maudi vaksin
sinovac"
"841"," karena  sempurna bukan milik ciptaan manusia
 dari berapa yang di vaksin
lalu gimana gejalan "
"842","  vaksin tak percaya pil kurus percaya bagus"
"843"," vaksin artinya aku yahudi"
"844","  vaksin tak percaya pil kurus percaya bagus"
"845","  cip deh 

"
"846","  jejak digital

fpi pernah menggeruduk kantor kompas karena dianggap memberitakan hal yang negatif terhadap organisasinya"
"847","  vaksin tak percaya ibu mengandung makan kicap anak jadi hitam percaya pulak"
"848","  vaksin tak percaya pil kurus percaya bagus"
"849","  vaksin tak percaya janji manis lelaki percaya plak"
"850","  vaksin tak percaya pil kurus percaya bagus"
"851","  vaksin tak percaya janji manis lelaki percaya plak"
"852","  sebanyak  tenaga kesehatan di rsd wisma atlet kemayoran jakarta pusat menerima vaksin covid secara bertahap temp"
"853","  vaksin tak percaya janji manis lelaki percaya plak"
"854","  suntikan vaksin atau suntikan dana semua kita terima"
"855","  bpom dan mui dinilai sudah memastikan vaksin covid sinovac aman dan halal 

jelas dan tak meragukan ya lur 
vaksin si"
"856","  vaksin tak percaya ibu mengandung makan kicap anak jadi hitam percaya pulak"
"857","  usah risau menerima beberapa vaksin dalam masa yang sama adalah selamat 

komunikasikita
vaksincovid 
jabatanpenera"
"858","  satgas covid chip dalam vaksin adalah berita bohong  lewat 

 "
"859","  erick thohir merek dan jenis vaksin covid mandiri akan berbeda dengan yang gratis "
"860","  vaksin tak percaya ibu mengandung makan kicap anak jadi hitam percaya pulak"
"861","  vaksin tak percaya ibu mengandung makan kicap anak jadi hitam percaya pulak"
"862","  vaksin tak percaya ibu mengandung makan kicap anak jadi hitam percaya pulak"
"863","  vaksin tak percaya janji manis lelaki percaya plak"
"864","  info penting vaksin

untuk penggunaan vaksin itu bpom memastikan dari awal produksi hingga tahap distribusi keseluruha"
"865","  ada yg bilang vaksin dikasih chip di dalamnya koyoke mendem gadung sing ngomong 

yg dimaksud menteri  itu adal"
"866","  vaksin tak percaya pil kurus percaya bagus"
"867","  vaksin tak percaya janji manis lelaki percaya plak"
"868","  untuk kalian ketahui saja uji klinis tahap  yg di lakukan diindonesia utk vaksin sinovac tingkat efikasi mencapai "
"869","  vaksin tak percaya pil kurus percaya bagus"
"870","  tujuan vaksin membuat tubuh kita kebal virus corona dengan menjaga kesehatan artinya kita sudah menyelamatkan orang lain"
"871","   terus gaes jangan percaya akan hoax kalo vaksin tdk halal mengandung bahan tertentu lahtenang aja buat umat muslim yg"
"872","  vaksin tak percaya janji manis lelaki percaya plak"
"873","  vaksin tak percaya pil kurus percaya bagus"
"874","  utk mendapatkan vaksin adalah hak krn ini berkaitan dgn hak atas kesehatan krn vaksin ini berkaitan dgn tubuh maka seti"
"875","duit banyak beli vaksin "
"876","  info penting vaksin

untuk penggunaan vaksin itu bpom memastikan dari awal produksi hingga tahap distribusi keseluruha"
"877","  beliau beliau adalah para dokter specialist di bidang nya
dan sudah di vaksin  

mantap kan 

berikut kesaksian me"
"878","  vaksin tak percaya janji manis lelaki percaya plak"
"879","  pikir gampang sj

klo vaksin covid tidak aman apakah mungkin presiden berserta jajarannya
nakes tni polri amp para kepala da"
"880","  vaksin tak percaya janji manis lelaki percaya plak"
"881","  vaksin tak percaya bercinta percaya pulak"
"882","  vaksin tak percaya janji manis lelaki percaya plak"
"883","  vaksin tak percaya ibu mengandung makan kicap anak jadi hitam percaya pulak"
"884","  sejak tgl  januari smp hr ini 
sudh  hr

semua yg telah divaksin dlm kondisi sehat 
pak  malah sdh mengunjungi d"
"885","  hai gaes sudah tau kan pemerintah indonesia telah memulai tahap vaksinasi covid  presiden jokowi yg pertama disuntik v"
"886","  vaksin tak percaya pil kurus percaya bagus"
"887","  vaksin tak percaya bercinta percaya pulak"
"888","    inginkan penjelasan yang tepat berkaitan hukum dan permasalahan vaksin covid

m "
"889","  vaksin sinovac sudah di uji di tiongkok kemudian indonesia brazil dan turki 

vaksin sinovac juga sudah mendapatkan ijin"
"890","  baguslah biar dunia juga tau bagaimana busuknya fpi

tangkal hoax vaksin kovid
awasfpiulargantikulit
"
"891","kalo yg divaksin gratis boleh ga nolak vaksin gratis trus minta bayar sendiri aja  milih merk "
"892","  vaksin tak percaya pil kurus percaya bagus"
"893","  vaksin tak percaya janji manis lelaki percaya plak"
"894","  vaksin tak percaya pil kurus percaya bagus"
"895","  vaksin tak percaya pil kurus percaya bagus"
"896","  gaes vaksin sinovac produksi perusahaan bioteknologi 
berbendera china bernama sinovac biotech ltdperusahaan ini bermar"
"897","  vaksin tak percaya janji manis lelaki percaya plak"
"898","  vaksin tak percaya pil kurus percaya bagus"
"899","  vaksin tak percaya janji manis lelaki percaya plak"
"900","  vaksin tak percaya pil kurus percaya bagus"
"901","  vaksin tak percaya janji manis lelaki percaya plak"
"902","  vaksin sinovac sebelumnya telah melalui berbagai tahap uji untuk memastikan keamanan dan efektifitasnya

uji klinik fase"
"903","  vaksin tak percaya pil kurus percaya bagus"
"904","  vaksin tak percaya tapi petua minum air soya banyakbanyak supaya anak lahir putih melepak percaya pulak"
"905","  pengurus wilayah muhammadiyah jabar stlh divaksin
malah tidur tadi malam sngt nyenyak bangun di pagi malah lebih percay"
"906","  vaksin tak percaya pil kurus percaya bagus"
"907","       std efikasi eua who  lb  sinovac plg mudah didistribusikan ind"
"908"," alhamdulillah  saya dah dpt restu vaksin
om  mo ikut vaksin ndak "
"909","  vaksin tak percaya janji manis lelaki percaya plak"
"910","  vaksin tak percaya pil kurus percaya bagus"
"911","  metode pembuatan vaksin sinovac menggunakan metode lama yang mirip dengan pembuatan vaksin cacar campak gondok dan rube"
"912"," hahaha
nak ambik vaksin pun takut"
"913","  sebanyak  lansia berusia di atas  tahun penghuni panti jompo di norwegia dilaporkan meninggal setelah disuntik vak"
"914","  vaksin tak percaya ibu mengandung makan kicap anak jadi hitam percaya pulak"
"915","dubes filipina di as terima suntikan pertama vaksin covid  "
"916","  vaksin yang disuntikkan ke presiden jokowi sama dengan vaksin yang akan diterima tenaga medis dan masyarakat nantinya ya"
"917","  oooo amang ngaleleng barita on asing do vaksin dohot obat dexamethason pe dipake dope sahat tu sadarion jala godang do p"
"918","  vaksin tak percaya pil kurus percaya bagus"
"919","  vaksin tak percaya pil kurus percaya bagus"
"920","  vaksin tak percaya gambar random netizen upload dengan caption orang yang  terbuka je boleh nampak apa saya nampak perc"
"921","  pemerintah indonesia sudah memulai program vaksinasi covid ditandai dengan penyuntikkan vaksin perdana kepada preside"
"922","  jadi jangan ragu untuk melakukan vaksin dan tentunya tetap disiplin menjalankan m menggunakan masker mencuci tangan denga"
"923","  tipe tipe ekspresi muka  saat di vaksin chek 





"
"924","  vaksin tak percaya pil kurus percaya bagus"
"925","  vaksin tak percaya pil kurus percaya bagus"
"926","  vaksin tak percaya janji manis lelaki percaya plak"
"927","vaksin tak percaya abe janji abe delete percaya pula"
"928","  vaksin tak percaya pil kurus percaya bagus"
"929","  vaksin tak percaya pil kurus percaya bagus"
"930","  vaksin tak percaya pil kurus percaya bagus"
"931","  vaksin tak percaya pil kurus percaya bagus"
"932","  vaksin tak percaya pil kurus percaya bagus"
"933","  apa sih fungsi vaksin 
pada dasarnya vaksin bekerja dg cara melumpuhkan virus yg ada dlm tubuh sehingga dpt menjadikan tu"
"934","  tidak percaya vaksin tapi percaya krim abalabal adaada saja kelakuan beberapa manusia"
"935","  vaksin tak percaya pil kurus percaya bagus"
"936","  mantap pak presiden  kita butuh ketenangan politik untuk  pembangunan bukan rusuh ala timur tengah

tangkal hoa"
"937","  vaksin tak percaya ibu mengandung makan kicap anak jadi hitam percaya pulak"
"938","  vaksin tak percaya janji manis lelaki percaya plak"
"939","  covid dtng kadrun minta vaksin
vaksin dtng kadrun minta stempel halal
ud halal minta jkw dsuntik duluan dvideo live t"
"940","  vaksin tak percaya janji manis lelaki percaya plak"
"941","  percaya tak vaksin sampai nanti mesti ada demokrasi selena gomez buat konsert dekat malaysia pun ada yg solat hajat lua"
"942","  sejak tgl  januari smp hr ini 
sudh  hr

semua yg telah divaksin dlm kondisi sehat 
pak  malah sdh mengunjungi d"
"943","  pengurus wilayah muhammadiyah jabar stlh divaksin
malah tidur tadi malam sngt nyenyak bangun di pagi malah lebih percay"
"944","  vaksin tak percaya janji manis lelaki percaya plak"
"945","  pikir gampang sj

klo vaksin covid tidak aman apakah mungkin presiden berserta jajarannya
nakes tni polri amp para kepala da"
"946","  vaksin tak percaya janji manis lelaki percaya plak"
"947","  selamat pagi

maaf gw hnya sekedar mengingatkan
jadi yg kmren ngotot mw umroh amp haji dimasa pandemi
ud boleh umroh"
"948","  semua ingin covid sgr berlalu

udh capek jenuh bahkan banyak aspek kehidupan yg mulai terpengaruh
perekonomian smp rumah"
"949","  vaksin tak percaya pil kurus percaya bagus"
"950","  vaksin tak percaya janji manis lelaki percaya plak"
"951","  vaksin tak percaya janji manis lelaki percaya plak"
"952","  vaksin tak percaya pil kurus percaya bagus"
"953","sebanyak  tenaga kesehatan di rsd wisma atlet kemayoran jakarta pusat menerima vaksin covid secara bertaha "
"954","  vaksin tak percaya pil kurus percaya bagus"
"955","  vaksin tak percaya pil kurus percaya bagus"
"956","  vaksin tak percaya pil kurus percaya bagus"
"957","  vaksin tak percaya pil kurus percaya bagus"
"958","  yang masih ragu akan vaksin 
simak
baca
amp
pahamiapa itu vaksin bagaimana cara bekerjanya hingga amankah vaksin covid"
"959","  setelah itu jokowi mengumumkan bahwa vaksin akan diberikan secara gratis kepada masyarakat dengan alasan telah meneri"
"960","  semua ingin covid sgr berlalu

udh capek jenuh bahkan banyak aspek kehidupan yg mulai terpengaruh
perekonomian smp rumah"
"961","  vaksin tak percaya pil kurus percaya bagus"
"962","  vaksin tak percaya ibu mengandung makan kicap anak jadi hitam percaya pulak"
"963","  bpom menyatakan aman mui fatwakan halal vaksin buatan sinovac

tangkal hoax vaksin kovid
awasfpiulargantikulit "
"964","  vaksin tak percaya pil kurus percaya bagus"
"965","  vaksin tak percaya janji manis lelaki percaya plak"
"966","  vaksin tak percaya pil kurus percaya bagus"
"967","  vaksin tak percaya pil kurus percaya bagus"
"968","  vaksin tak percaya janji manis lelaki percaya plak"
"969","  covid dtng kadrun minta vaksin
vaksin dtng kadrun minta stempel halal
ud halal minta jkw dsuntik duluan dvideo live t"
"970","  vaksin tak percaya janji manis lelaki percaya plak"
"971","  vaksin tak percaya janji manis lelaki percaya plak"
"972","  vaksin tak percaya ibu mengandung makan kicap anak jadi hitam percaya pulak"
"973","  vaksin tak percaya ibu mengandung makan kicap anak jadi hitam percaya pulak"
"974","  vaksin tak percaya pil kurus percaya bagus"
"975","  vaksin tak percaya ibu mengandung makan kicap anak jadi hitam percaya pulak"
"976","  vaksin tak percaya ibu mengandung makan kicap anak jadi hitam percaya pulak"
"977","  vaksin tak percaya pil kurus percaya bagus"
"978","  vaksin tak percaya pil kurus percaya bagus"
"979"," pak  dan jajarannya  serta tgupp sekalian mundur aja berjamaah  kalian sdh b "
"980","  apa sih fungsi vaksin 
pada dasarnya vaksin bekerja dg cara melumpuhkan virus yg ada dlm tubuh sehingga dpt menjadikan tu"
"981","  vaksin tak percaya janji manis lelaki percaya plak"
"982"," cieee udah di vaksin mas diwajibin yah sama bapak"
"983","  katanya ini pabrik kimia farma buat bikin vaksin bener ngga "
"984","  menteri badan usaha milik negara bumn erick thohir bukabukaan alasan mendahulukan pengadaan vaksin produksi china keti"
"985","  beliau beliau adalah para dokter specialist di bidang nya
dan sudah di vaksin  

mantap kan 

berikut kesaksian me"
"986","  vaksin tak percaya janji manis lelaki percaya plak"
"987","  vaksin tak percaya pil kurus percaya bagus"
"988","   polanya kok jadi mirip terorisme ya mengorbankan orang bodoh untuk mati konyol demi melindungi para elitenya

semoga"
"989","  kode barcode yg menempel pd botol cairan vaksin dibilang chip yg ada dlm vaksin
kadrun kalo membodohi temannya sendiri g"
"990","  vaksin tak percaya pil kurus percaya bagus"
"991","  bpom dan mui dinilai sudah memastikan vaksin covid sinovac aman dan halal 

jelas dan tak meragukan ya lur 
vaksin si"
"992","  selain halal aria bima minta ada sertifikasi produk haram

tangkal hoax vaksin kovid
awasfpiulargantikulit
negaraha"
"993","  vaksin tak percaya pil kurus percaya bagus"
"994","  vaksin tak percaya member cakap otw percaya pula"
"995","  vaksin tak percaya pil kurus percaya bagus"
"996","  vaksin tak percaya pil kurus percaya bagus"
"997"," program besar yang disampaikan oleh calon kapolri komjen listyo sigit prabowo dalam road mapnya hari ini

tema  "
"998","  vaksin tak percaya ibu mengandung makan kicap anak jadi hitam percaya pulak"
"999","  vaksin tak percaya pil kurus percaya bagus"
"1000","  vaksin tak percaya ibu mengandung makan kicap anak jadi hitam percaya pulak"
